{"min": [-0.73578, -0.667334, -0.347565], "max": [0.739225, 0.637478, 0.413576]}