{"min": [-0.952323, -0.434573, -0.193022], "max": [0.846815, 0.435602, 0.194491]}